sku,expected_classification,expected_decision,category,expected_primary_action,financial_expectation
V12-DEAD-001,DEAD,DISCOUNT,DEAD,discount,CAPITAL_AT_RISK
V12-DEAD-002,DEAD,DISCOUNT,DEAD,discount,CAPITAL_AT_RISK
V12-DEAD-003,DEAD,DO_NOTHING,DEAD,none,NONE
V12-SLOW-001,SEASONAL,REORDER,SLOW,reorder,REVENUE_AT_RISK
V12-SLOW-002,HEALTHY,DO_NOTHING,SLOW,discount,CAPITAL_AT_RISK
V12-FAST-001,FAST,DO_NOTHING,FAST,none,NONE
V12-FAST-002,HEALTHY,REORDER,STOCKOUT,reorder,REVENUE_AT_RISK
V12-FAST-003,HEALTHY,DO_NOTHING,STOCKOUT,none,REVENUE_AT_RISK
V12-FAST-004,FAST,TRANSFER,OVERSTOCK,transfer,CAPITAL_AT_RISK
V12-SEASONAL-001,SEASONAL,DO_NOTHING,SEASONAL,none,CAPITAL_AT_RISK
V12-SEASONAL-002,SEASONAL,DO_NOTHING,SEASONAL,none,CAPITAL_AT_RISK
V12-OVERSTOCK-001,FAST,TRANSFER,OVERSTOCK,discount,CAPITAL_AT_RISK
V12-GROWTH-001,FAST,DO_NOTHING,GROWTH,none,NONE
V12-GROWTH-002,FAST,DO_NOTHING,GROWTH,none,NONE
V12-MARGIN-001,HEALTHY,DO_NOTHING,MARGIN,none,PROFIT_OPPORTUNITY
V12-MARGIN-002,FAST,DO_NOTHING,MARGIN,none,PROFIT_OPPORTUNITY
V12-OWNER-001,DEAD,DISCOUNT,OWNER_CONSTRAINT,blocked_by_constraint,CAPITAL_AT_RISK
V12-OWNER-002,HEALTHY,RECOVERY_MATCH,OWNER_CONSTRAINT,blocked_by_constraint,CAPITAL_AT_RISK
V12-PO-001,SLOW MOVING,DO_NOTHING,PO,none,REVENUE_AT_RISK
V12-PO-002,FAST,DO_NOTHING,PO,none,NONE
V12-UNKNOWN-001,UNKNOWN,MANUAL_REVIEW,DEAD,discount,CAPITAL_AT_RISK
V12-UNKNOWN-002,UNKNOWN,MANUAL_REVIEW,DEAD,none,CAPITAL_AT_RISK
V12-HEALTHY-001,FAST,DO_NOTHING,FAST,none,NONE
V12-HEALTHY-002,FAST,DO_NOTHING,FAST,none,NONE
V12-HEALTHY-003,HEALTHY,DO_NOTHING,FAST,none,NONE
V12-OVERSTOCK-002,FAST,TRANSFER,OVERSTOCK,discount,CAPITAL_AT_RISK
V12-STOCKOUT-001,FAST,DO_NOTHING,STOCKOUT,reorder,REVENUE_AT_RISK
V12-SEASONAL-003,SEASONAL,DO_NOTHING,SEASONAL,reorder,REVENUE_AT_RISK
V12-SEASONAL-004,SEASONAL,DO_NOTHING,SEASONAL,none,REVENUE_AT_RISK
V12-DEAD-004,DEAD,DISCOUNT,DEAD,discount,CAPITAL_AT_RISK
V12-PO-003,DEAD,DO_NOTHING,PO,reorder,NONE
V12-STOCKOUT-002,FAST,DO_NOTHING,STOCKOUT,reorder,REVENUE_AT_RISK
V12-OVERSTOCK-003,DEAD,DISCOUNT,OVERSTOCK,discount,CAPITAL_AT_RISK
V12-FIL-000,HEALTHY,RECOVERY_MATCH,SLOW,none,NONE
V12-FIL-001,FAST,DO_NOTHING,FAST,none,NONE
V12-FIL-002,SLOW MOVING,REORDER,STOCKOUT,none,NONE
V12-FIL-003,SLOW MOVING,REORDER,STOCKOUT,none,NONE
V12-FIL-004,HEALTHY,DO_NOTHING,SLOW,none,NONE
V12-FIL-005,FAST,DO_NOTHING,FAST,none,NONE
V12-FIL-006,FAST,DO_NOTHING,FAST,none,NONE
V12-FIL-007,FAST,DO_NOTHING,FAST,none,NONE
V12-FIL-008,SEASONAL,DO_NOTHING,SLOW,none,NONE
V12-FIL-009,HEALTHY,RECOVERY_MATCH,SLOW,none,NONE
V12-FIL-010,SEASONAL,DO_NOTHING,SEASONAL,none,NONE
V12-FIL-011,SEASONAL,DO_NOTHING,SEASONAL,none,NONE
V12-FIL-012,HEALTHY,RECOVERY_MATCH,OVERSTOCK,none,NONE
V12-FIL-013,SEASONAL,DO_NOTHING,SLOW,none,NONE
V12-FIL-014,SEASONAL,DO_NOTHING,SEASONAL,none,NONE
V12-FIL-015,SEASONAL,DO_NOTHING,SEASONAL,none,NONE
V12-FIL-016,DEAD,DISCOUNT,DEAD,none,NONE
V12-FIL-017,SLOW MOVING,REORDER,STOCKOUT,none,NONE
V12-FIL-018,FAST,TRANSFER,FAST,none,NONE
V12-FIL-019,DEAD,DISCOUNT,DEAD,none,NONE
V12-FIL-020,SEASONAL,REORDER,SLOW,none,NONE
V12-FIL-021,HEALTHY,REORDER,STOCKOUT,none,NONE
V12-FIL-022,DEAD,DISCOUNT,DEAD,none,NONE
V12-FIL-023,SEASONAL,DO_NOTHING,SEASONAL,none,NONE
V12-FIL-024,FAST,TRANSFER,OVERSTOCK,none,NONE
V12-FIL-025,FAST,TRANSFER,FAST,none,NONE
V12-FIL-026,HEALTHY,DO_NOTHING,SLOW,none,NONE
V12-FIL-027,FAST,TRANSFER,OVERSTOCK,none,NONE
V12-FIL-028,DEAD,DISCOUNT,DEAD,none,NONE
V12-FIL-029,HEALTHY,RECOVERY_MATCH,OVERSTOCK,none,NONE
V12-FIL-030,SEASONAL,DO_NOTHING,SEASONAL,none,NONE
V12-FIL-031,SLOW MOVING,REORDER,STOCKOUT,none,NONE
V12-FIL-032,HEALTHY,RECOVERY_MATCH,OVERSTOCK,none,NONE
V12-FIL-033,SEASONAL,DO_NOTHING,SEASONAL,none,NONE
V12-FIL-034,HEALTHY,RECOVERY_MATCH,OVERSTOCK,none,NONE
V12-FIL-035,SEASONAL,DO_NOTHING,SEASONAL,none,NONE
V12-FIL-036,SEASONAL,DO_NOTHING,SEASONAL,none,NONE
V12-FIL-037,SLOW MOVING,REORDER,STOCKOUT,none,NONE
V12-FIL-038,SEASONAL,DO_NOTHING,OVERSTOCK,none,NONE
V12-FIL-039,SEASONAL,DO_NOTHING,SLOW,none,NONE
V12-FIL-040,FAST,DO_NOTHING,FAST,none,NONE
V12-FIL-041,SLOW MOVING,REORDER,STOCKOUT,none,NONE
V12-FIL-042,DEAD,DISCOUNT,DEAD,none,NONE
V12-FIL-043,SEASONAL,DO_NOTHING,SEASONAL,none,NONE
V12-FIL-044,FAST,TRANSFER,FAST,none,NONE
V12-FIL-045,FAST,TRANSFER,OVERSTOCK,none,NONE
V12-FIL-046,DEAD,DISCOUNT,DEAD,none,NONE
V12-FIL-047,FAST,DO_NOTHING,FAST,none,NONE
V12-FIL-048,FAST,DO_NOTHING,FAST,none,NONE
V12-FIL-049,FAST,DO_NOTHING,FAST,none,NONE
V12-FIL-050,SLOW MOVING,REORDER,STOCKOUT,none,NONE
V12-FIL-051,SEASONAL,REORDER,SLOW,none,NONE
V12-FIL-052,DEAD,DISCOUNT,DEAD,none,NONE
V12-FIL-053,FAST,DO_NOTHING,FAST,none,NONE
V12-FIL-054,DEAD,DISCOUNT,DEAD,none,NONE
V12-FIL-055,FAST,TRANSFER,FAST,none,NONE
V12-FIL-056,FAST,DO_NOTHING,FAST,none,NONE
V12-FIL-057,FAST,DO_NOTHING,FAST,none,NONE
V12-FIL-058,HEALTHY,REORDER,STOCKOUT,none,NONE
V12-FIL-059,FAST,TRANSFER,OVERSTOCK,none,NONE
V12-FIL-060,HEALTHY,RECOVERY_MATCH,OVERSTOCK,none,NONE
V12-FIL-061,FAST,TRANSFER,OVERSTOCK,none,NONE
V12-FIL-062,SEASONAL,DO_NOTHING,SEASONAL,none,NONE
V12-FIL-063,DEAD,DISCOUNT,DEAD,none,NONE
V12-FIL-064,SEASONAL,DO_NOTHING,SEASONAL,none,NONE
V12-FIL-065,FAST,DO_NOTHING,FAST,none,NONE
V12-FIL-066,FAST,DO_NOTHING,FAST,none,NONE
V12-FIL-067,DEAD,DISCOUNT,DEAD,none,NONE
V12-FIL-068,FAST,DO_NOTHING,FAST,none,NONE
V12-FIL-069,SEASONAL,DO_NOTHING,SLOW,none,NONE
V12-FIL-070,FAST,REORDER,FAST,none,NONE
V12-FIL-071,HEALTHY,DO_NOTHING,FAST,none,NONE
V12-FIL-072,SEASONAL,DO_NOTHING,SEASONAL,none,NONE
V12-FIL-073,FAST,DO_NOTHING,FAST,none,NONE
V12-FIL-074,SEASONAL,DO_NOTHING,SEASONAL,none,NONE
V12-FIL-075,DEAD,DISCOUNT,DEAD,none,NONE
V12-FIL-076,FAST,TRANSFER,OVERSTOCK,none,NONE
V12-FIL-077,HEALTHY,REORDER,STOCKOUT,none,NONE
V12-FIL-078,SEASONAL,DO_NOTHING,SLOW,none,NONE
V12-FIL-079,DEAD,DISCOUNT,DEAD,none,NONE
